,cull_effort,beta_interspecies*1500,beta*1500,median_outbreak_size,Lwr95%CI_outbreak_size,Upr95%CI_outbreak_size,min_outbreak_size,max_outbreak_size,quantile0.025_outbreak_size,quantile0.975_outbreak_size,median_spillover_forest,Lwr95%CI_spillover_forest,Upr95%CI_spillover_forest,min_spillover_forest,max_spillover_forest,quantile0.025_spillover_forest,quantile0.975_spillover_forest,median_spillover_border,Lwr95%CI_spillover_border,Upr95%CI_spillover_border,min_spillover_border,max_spillover_border,quantile0.025_spillover_border,quantile0.975_spillover_border,median_spillover_outside,Lwr95%CI_spillover_outside,Upr95%CI_spillover_outside,min_spillover_outside,max_spillover_outside,quantile0.025_spillover_outside,quantile0.975_spillover_outside,number_no_outbreak,%_no_outbreak,number_extinctions,%_extinctions,median_peak_infection,Lwr95%CI_peak_infection,Upr95%CI_peak_infection,min_peak_infection,max_peak_infection,quantile0.025_peak_infection,quantile0.975_peak_infection,median_time_peak_infection,Lwr95%CI_time_peak_infection,Upr95%CI_time_peak_infection,min_time_peak_infection,max_time_peak_infection,quantile0.025_time_peak_infection,quantile0.975_time_peak_infection,median_time_10%death,Lwr95%CI_time_10%death,Upr95%CI_time_10%death,min_time_10%death,max_time_10%death,quantile0.025_time_10%death,quantile0.975_time_10%death,median_time_20%death,Lwr95%CI_time_20%death,Upr95%CI_time_20%death,min_time_20%death,max_time_20%death,quantile0.025_20%death,quantile0.975_20%death,median_spillover10%_forest,Lwr95%CI_spillover10%_forest,Upr95%CI_spillover10%_forest,min_spillover10%_forest,max_spillover10%_forest,quantile0.025_spillover10%_forest,quantile0.975_spillover10%_forest,median_spillover10%_border,Lwr95%CI_spillover10%_border,Upr95%CI_spillover10%_border,min_spillover10%_border,max_spillover10%_border,quantile0.025_spillover10%_border,quantile0.975_spillover10%_border,median_spillover10%_outside,Lwr95%CI_spillover10%_outside,Upr95%CI_spillover10%_outside,min_spillover10%_outside,max_spillover10%_outside,quantile0.025_spillover10%_outside,quantile0.975_spillover10%_outside,median_spillover20%_forest,Lwr95%CI_spillover20%_forest,Upr95%CI_spillover20%_forest,min_spillover20%_forest,max_spillover20%_forest,quantile0.025_spillover20%_forest,quantile0.975_spillover20%_forest,median_spillover20%_border,Lwr95%CI_spillover20%_border,Upr95%CI_spillover20%_border,min_spillover20%_border,max_spillover20%_border,quantile0.025_spillover20%_border,quantile0.975_spillover20%_border,median_spillover20%_outside,Lwr95%CI_spillover20%_outside,Upr95%CI_spillover20%_outside,min_spillover20%_outside,max_spillover20%_outside,quantile0.025_spillover20%_outside,quantile0.975_spillover20%_outside
1,0,0.033333333,0.7,1878,1865,1883.5,1,2083,1,2030.775,0.363277778,0.360688889,0.3658,0,0.412666667,0,0.394197222,0.044155556,0.043511111,0.044733333,0,0.053866667,0,0.052235,0.008511111,0.008311111,0.008666667,0,0.010933333,0,0.010241667,38,15.2,0,0,524.5,520,534,427,646,471.275,596,57,56,58,46,82,48,75,44,43.5,45,34,68,36,62.725,49,48,50,39,73,41.275,67,0.0409,0.040188889,0.041411111,0.031244444,0.056555556,0.033443333,0.048555,0.004977778,0.004888889,0.005177778,0.002688889,0.007688889,0.003806111,0.007080556,0.000955556,0.000933333,0.001,0.000466667,0.001533333,0.000644444,0.001371667,0.079411111,0.078511111,0.080466667,0.063777778,0.094533333,0.069084444,0.090999444,0.009555556,0.009377778,0.009755556,0.006488889,0.013422222,0.007583889,0.01202,0.001844444,0.001777778,0.001888889,0.001022222,0.002844444,0.001317222,0.002533333
2,0,0.033333333,1,1810.5,1807,1817,1,1999,1,1904.975,0.3516,0.349844444,0.354133333,0,0.397644444,5.00E-06,0.376531667,0.043066667,0.042633333,0.043644444,0,0.054755556,0,0.048795,0.008355556,0.008222222,0.008488889,0,0.011288889,0,0.009906111,16,6.4,0,0,563,557,567,496,658,519,626.575,45.5,45,46,36,76,38,59,36,36,37,29,63,30,47.175,40,39,40,34,67,34,51.175,0.0433,0.042966667,0.043688889,0.033955556,0.058577778,0.037087778,0.051285556,0.005155556,0.005,0.005244444,0.003244444,0.007644444,0.003881111,0.006842778,0.000977778,0.000933333,0.001,0.000466667,0.001733333,0.000622222,0.001537222,0.081944444,0.081311111,0.082922222,0.0688,0.097555556,0.070699444,0.092704444,0.009844444,0.009588889,0.009966667,0.006177778,0.014644444,0.007717778,0.012885556,0.001866667,0.001822222,0.001933333,0.001088889,0.003044444,0.001307222,0.00266
3,0,0.033333333,1.3,1770.5,1764,1775,1,2077,1.225,1884.4,0.344477778,0.342811111,0.345822222,0,0.4136,2.22E-05,0.371299444,0.042077778,0.0416,0.042466667,0,0.052377778,5.00E-06,0.048218889,0.008111111,0.007966667,0.008266667,0,0.010088889,0,0.009795,10,4,0,0,590,586.5,595,527,750,542,654.025,39,39,40,32,71,33,55,31,30,31,25,65,26.975,46.025,35,35,35,29,68,31,50,0.044733333,0.044311111,0.045277778,0.034844444,0.055933333,0.036192778,0.052607778,0.005311111,0.005133333,0.005466667,0.003511111,0.0082,0.003843333,0.007140556,0.001,0.000977778,0.001044444,0.000488889,0.001777778,0.000511111,0.001488889,0.083588889,0.082722222,0.0841,0.068666667,0.101377778,0.072458889,0.093162222,0.010044444,0.009844444,0.010333333,0.006377778,0.014088889,0.007576667,0.012893333,0.001911111,0.001844444,0.002,0.001088889,0.003088889,0.001288333,0.002622778
4,0,0.033333333,1.6,1748,1743,1753,1,1963,1,1830.325,0.338266667,0.335766667,0.339877778,0,0.382377778,0,0.363204444,0.041666667,0.0412,0.042255556,0,0.048866667,0,0.047083889,0.007977778,0.0079,0.008066667,0,0.010355556,0,0.009641667,14,5.6,0,0,604,600,610.5,520,729,555,661.125,35,34,35,28,62,30,46.125,28,27,28,23,55,25,39,32,31,33,27,58,28,42.125,0.0455,0.0447,0.046177778,0.033511111,0.057266667,0.037483333,0.054561111,0.0054,0.005255556,0.005511111,0.002888889,0.007888889,0.003755556,0.0073,0.001,0.000977778,0.001022222,0.000466667,0.001777778,0.000622222,0.001577778,0.0846,0.083311111,0.085688889,0.069644444,0.101488889,0.072388889,0.096555556,0.010011111,0.009777778,0.010255556,0.006888889,0.014688889,0.007761111,0.013161111,0.001911111,0.001844444,0.001977778,0.000955556,0.003,0.001327778,0.002691667
5,0,0.033333333,1.9,1736,1733,1743,1,1878,1679.675,1809,0.336644444,0.335022222,0.338666667,0,0.374555556,0.314606111,0.358157222,0.041222222,0.040644444,0.041911111,0,0.050644444,0.034785556,0.04694,0.008011111,0.007933333,0.008133333,0,0.010066667,0.006449444,0.009678889,5,2,0,0,615,613,619,551,700,567.2,670.8,33,33,34,25,57,28,43,26,25,26,21,52,22.1,36,30,30,31,25,55,26,39,0.046088889,0.045377778,0.047066667,0.034066667,0.057466667,0.038608889,0.054988889,0.005422222,0.005288889,0.005577778,0.003422222,0.008244444,0.003848889,0.00762,0.001022222,0.000977778,0.001066667,0.000466667,0.001733333,0.000624444,0.001555556,0.085355556,0.0846,0.086111111,0.069355556,0.098444444,0.074215556,0.094704444,0.010111111,0.009866667,0.010288889,0.006577778,0.014955556,0.007611111,0.012817778,0.001911111,0.001866667,0.001977778,0.001088889,0.003044444,0.001291111,0.002733333
6,0,0.033333333,2.2,1718,1712,1723,1,2206,1664.35,1807.975,0.334322222,0.332188889,0.336233333,0,0.429022222,0.305311111,0.359904444,0.0408,0.040344444,0.041233333,0,0.049777778,0.033488333,0.047145,0.007933333,0.007833333,0.008,0,0.010666667,0.006432222,0.009733333,5,2,1,0.4,619,617,622,555,822,570.3,684.9,30,29,30,24,89,25.1,39,25,25,26,20,84,22,34.9,28,28,28,24,87,25,37.9,0.047777778,0.0472,0.048488889,0.035755556,0.060911111,0.040606667,0.057035556,0.005666667,0.005488889,0.005866667,0.003711111,0.008711111,0.004075556,0.008273333,0.001066667,0.001022222,0.001088889,0.000488889,0.001844444,0.000668889,0.001664444,0.085177778,0.084311111,0.085911111,0.066888889,0.102066667,0.075008889,0.097788889,0.010311111,0.010044444,0.010533333,0.006733333,0.015622222,0.007624444,0.013886667,0.001977778,0.001911111,0.002088889,0.001133333,0.003377778,0.001317778,0.002817778
7,0,0.233333333,0.7,1877.5,1873,1890,1,2325,1,2077.65,2.536177778,2.516966667,2.554688889,0,3.1346,0,2.853639444,0.312666667,0.3094,0.317488889,0,0.401488889,0,0.364412222,0.060044444,0.058955556,0.061211111,0,0.077311111,0,0.070637778,45,18,0,0,518,510,522,447,684,469,609.8,57,56,58,5,112,48,79.75,44,44,45,33,100,36,65,49,48,50,38,105,41.1,70.9,0.284977778,0.279766667,0.291433333,0.000155556,0.355911111,0.000155556,0.333347778,0.034922222,0.033911111,0.035777778,0.000155556,0.053511111,0.023881667,0.045367778,0.006688889,0.006377778,0.007,0.003422222,0.012444444,0.004371111,0.009644444,0.552144444,0.546155556,0.557433333,0.000155556,0.694244444,0.000155556,0.624730556,0.0679,0.066888889,0.069844444,0.000155556,0.094888889,0.048237778,0.086928333,0.012911111,0.0126,0.013533333,0.007155556,0.020377778,0.008726667,0.016955556
8,0,0.233333333,1,1808,1802.5,1814.5,1,1982,1,1910.325,2.442144444,2.420288889,2.456844444,0,2.758311111,0,2.635017778,0.295088889,0.291666667,0.298511111,0,0.354977778,0,0.343742778,0.057866667,0.057244444,0.058955556,0,0.073577778,0,0.069377778,24,9.6,0,0,568,565,574,501,642,514.625,621.25,46,46,47,6,66,38.675,59,36,36,37,29,57,31,49,40,39,40.5,34,61,35,53,0.297577778,0.293066667,0.303255556,0.000155556,0.384688889,0.000155556,0.362288889,0.035544444,0.034533333,0.036244444,0.000155556,0.058022222,0.026082778,0.049361667,0.006844444,0.006533333,0.007,0.000155556,0.012288889,0.004301111,0.010266667,0.569644444,0.563422222,0.579911111,0.000155556,0.666244444,0.000155556,0.646061111,0.069377778,0.067822222,0.071477778,0.000155556,0.093022222,0.052111111,0.087204444,0.013066667,0.012755556,0.013377778,0.000155556,0.019288889,0.009068889,0.018355556
9,0,0.233333333,1.3,1769,1762.5,1776,1,2040,1,1925.55,2.404733333,2.392055556,2.420288889,0,2.795022222,0,2.661633333,0.293377778,0.289333333,0.298044444,0,0.381111111,0,0.339951111,0.056466667,0.055222222,0.0574,0,0.079644444,0,0.066939444,16,6.4,0,0,591,587,597,504,702,539.825,671.175,39.5,39,40,31,78,33,60.7,31,30,31,25,71,27,53.05,35,34,35,29,74,31,56.05,0.309633333,0.3038,0.314922222,0.000155556,0.391844444,0.248620556,0.371346111,0.038422222,0.037488889,0.039122222,0.022088889,0.0602,0.028019444,0.050116111,0.007155556,0.006844444,0.007466667,0.000155556,0.011822222,0.004044444,0.01029,0.582866667,0.574933333,0.588777778,0.000155556,0.720066667,0.496945556,0.673018889,0.070311111,0.068288889,0.071555556,0.051644444,0.098466667,0.053483889,0.091987778,0.013533333,0.013066667,0.014311111,0.000155556,0.020377778,0.00931,0.018977778
10,0,0.233333333,1.6,1744,1738,1747,1,2013,1,1811.55,2.361955556,2.350211111,2.378133333,0,2.722688889,0,2.517063889,0.286533333,0.283033333,0.2884,0,0.360422222,0,0.325690556,0.056155556,0.055533333,0.056855556,0,0.071866667,0,0.066006111,16,6.4,0,0,604,598,610.5,530,746,563,656.525,35,34,35,28,72,30,45.175,28,27,28,23,65,24.825,38,32,31,32,27,69,28,41.175,0.317488889,0.312977778,0.323088889,0.000155556,0.409577778,0.263884444,0.387737778,0.038422222,0.037488889,0.039355556,0.000155556,0.063622222,0.027665556,0.051356667,0.007311111,0.007,0.007622222,0.000155556,0.012911111,0.004176667,0.010888889,0.588155556,0.579444444,0.592822222,0.000155556,0.709644444,0.494324444,0.688068889,0.070777778,0.069688889,0.072644444,0.000155556,0.105311111,0.054794444,0.09569,0.013844444,0.013222222,0.014466667,0.000155556,0.021311111,0.009488889,0.01918
11,0,0.233333333,1.9,1733,1728.5,1739.5,1,2074,1658,1806.775,2.356822222,2.345933333,2.373777778,0,2.830177778,2.094155,2.519953333,0.287777778,0.285133333,0.291433333,0,0.376911111,0.234282222,0.328373889,0.055377778,0.054522222,0.056466667,0,0.0798,0.044523889,0.068028333,6,2.4,0,0,614.5,610,618.5,555,774,572,669.7,32,31,32,26,76,28,43,26,25,26,22,72,23,35,30,30,31,25,75,26,38.925,0.329933333,0.324955556,0.337244444,0.000155556,0.426533333,0.267726667,0.39704,0.0392,0.038422222,0.040444444,0.024266667,0.069844444,0.027533333,0.055618889,0.007311111,0.007155556,0.007622222,0.003577778,0.013533333,0.004367222,0.011343889,0.600911111,0.595933333,0.609466667,0.000155556,0.741377778,0.515386667,0.683713333,0.071244444,0.069377778,0.072566667,0.048377778,0.108111111,0.052157778,0.095476111,0.013688889,0.013222222,0.014155556,0.007777778,0.023644444,0.009189444,0.020210556
12,0,0.233333333,2.2,1727,1723,1731.5,1,1896,1681.9,1802.325,2.338466667,2.3282,2.347333333,0,2.628422222,2.192011111,2.500711111,0.287233333,0.283344444,0.290577778,0,0.339577778,0.245548333,0.328097778,0.055533333,0.054833333,0.056233333,0,0.070622222,0.043901667,0.064761667,4,1.6,0,0,619,615,622,559,708,578.25,666.75,30,29,30,24,56,26,40.875,25,25,25,20,49,22,35.875,28,28,28,23,52,25,39.875,0.329777778,0.325422222,0.3346,0.246088889,0.409266667,0.268488889,0.394838889,0.039355556,0.037722222,0.041144444,0.021622222,0.0602,0.027436111,0.052694444,0.007388889,0.007,0.007777778,0.003577778,0.013533333,0.004375,0.0112,0.595466667,0.588,0.603166667,0.510222222,0.7196,0.529141667,0.677366667,0.071866667,0.070077778,0.072955556,0.0434,0.104222222,0.052013889,0.096133333,0.013688889,0.013222222,0.014311111,0.007155556,0.022244444,0.009177778,0.018958333
13,0,0.466666667,0.7,1883,1875.5,1888.5,0,2267,1,2053.925,5.138466667,5.121511111,5.169733333,0,6.209466667,0,5.716363333,0.624088889,0.618022222,0.630466667,0,0.765644444,0,0.711192222,0.122111111,0.121333333,0.124911111,0,0.151511111,0,0.142348889,27,10.8,0,0,522,517,528,448,703,460,608.8,56,55,57,44,110,48,78.25,43,42,44,33,97,35,65.5,48,47,48,38,101,41,70.5,0.573066667,0.562177778,0.582711111,0.000311111,0.729555556,0.000311111,0.683635556,0.069688889,0.067822222,0.071555556,0.000311111,0.102355556,0.052453333,0.095013333,0.013377778,0.013066667,0.014,0.000311111,0.027066667,0.008088889,0.020354444,1.116266667,1.104755556,1.129644444,0.000311111,1.316,0.000311111,1.260062222,0.1372,0.134088889,0.14,0.000311111,0.184488889,0.109137778,0.167377778,0.026133333,0.0252,0.026755556,0.000311111,0.040133333,0.018223333,0.034043333
14,0,0.466666667,1,1809,1803.5,1815,0,2121,1,1945.525,4.897666667,4.886,4.925822222,0,5.733777778,0,5.303658889,0.596711111,0.587688889,0.601377778,0,0.731733333,0,0.680018889,0.114644444,0.112311111,0.116355556,0,0.1484,0,0.138475556,17,6.8,0,0,562,554,565,497,690,513.6,628,46,46,47,36,82,38.8,63,36,35,37,25,76,30,54.2,40,39,40,30,80,34.8,57.4,0.591422222,0.580844444,0.599822222,0.000311111,0.783066667,0.42798,0.705071111,0.070933333,0.067511111,0.072488889,0.000311111,0.1316,0.052126667,0.102091111,0.013377778,0.012755556,0.013688889,0.006844444,0.022711111,0.008648889,0.020844444,1.138355556,1.124666667,1.152977778,0.000311111,1.369822222,0.891115556,1.284951111,0.137511111,0.135022222,0.140622222,0.000311111,0.197866667,0.107193333,0.178313333,0.026444444,0.026133333,0.027066667,0.01648889,0.037955556,0.018977778,0.034844444
15,0,0.466666667,1.3,1774,1768,1779,1,1997,1,1873.325,4.8216,4.785977778,4.854888889,0,5.552088889,0,5.259263333,0.589244444,0.581777778,0.5964,0,0.709644444,0,0.687143333,0.115111111,0.113244444,0.117911111,0,0.145911111,0,0.139066667,11,4.4,0,0,593,591,598,521,692,542.9,645.05,40,40,41,31,68,33,53.05,32,32,33,26,58,27,44,36,36,37,29,62,31,47.05,0.6272,0.620044444,0.6412,0.000311111,0.829422222,0.516133333,0.7504,0.074977778,0.072488889,0.077155556,0.046044444,0.116355556,0.053791111,0.10276,0.014311111,0.013688889,0.014933333,0.000311111,0.024266667,0.008088889,0.021482222,1.174444444,1.160133333,1.185955556,0.000311111,1.398133333,1.011422222,1.323777778,0.14,0.135022222,0.141866667,0.094577778,0.213111111,0.107862222,0.18312,0.027066667,0.026444444,0.027688889,0.000311111,0.044488889,0.018962222,0.038266667
16,0,0.466666667,1.6,1744,1741,1747,1,1949,1,1829.875,4.732622222,4.708666667,4.755644444,0,5.302266667,0,5.084193333,0.582711111,0.576177778,0.592355556,0,0.7,0,0.659275556,0.112933333,0.111377778,0.114955556,0,0.1428,0,0.132805556,17,6.8,0,0,603,598,607,545,703,559.8,668.2,35,35,36,30,57,31,46.2,28,27,28,24,52,24.8,39,32,32,33,28,55,28,42,0.639955556,0.630933333,0.648666667,0.000311111,0.831911111,0.470244444,0.75852,0.077311111,0.075288889,0.079955556,0.000311111,0.116666667,0.053604444,0.106197778,0.014622222,0.014,0.014933333,0.007155556,0.023955556,0.009271111,0.020284444,1.191555556,1.177555556,1.2012,0.000311111,1.381333333,0.929833333,1.348837778,0.142488889,0.138444444,0.144666667,0.000311111,0.200044444,0.108048889,0.192321111,0.027377778,0.026133333,0.028,0.01648889,0.045111111,0.018915556,0.038328889
17,0,0.466666667,1.9,1733,1729,1738,1,1844,1664.9,1792.775,4.6928,4.663555556,4.715977778,0,5.243777778,4.36275,4.950446667,0.570577778,0.561866667,0.575866667,0,0.704977778,0.475315556,0.662837778,0.1106,0.108888889,0.112311111,0,0.1428,0.086978889,0.134361111,6,2.4,1,0.4,611,606.5,614,548,689,566.075,654.925,32.5,32,33,26,46,28,39.925,27,27,28,20,41,23,33,30,30,30,24,45,26,36,0.6468,0.636222222,0.653955556,0.536044444,0.847777778,0.5537,0.791062222,0.077622222,0.0756,0.078866667,0.051955556,0.124133333,0.059756667,0.10542,0.014622222,0.014311111,0.014933333,0.008711111,0.026133333,0.009955556,0.021155556,1.196688889,1.181755556,1.206022222,0.966933333,1.445111111,1.037765556,1.36969,0.1456,0.141866667,0.148866667,0.089911111,0.210933333,0.104245556,0.187195556,0.026911111,0.026444444,0.028,0.01648889,0.040755556,0.019288889,0.038577778
18,0,0.466666667,2.2,1723.5,1719.5,1728,1,2004,1.225,1829.85,4.688444444,4.668844444,4.717377778,0,5.518488889,0.000311111,4.992197778,0.569022222,0.563111111,0.575555556,0,0.712444444,7.00E-05,0.668157778,0.111066667,0.109822222,0.112311111,0,0.1456,0,0.132082222,9,3.6,1,0.4,621,617,627,553,764,576,677,30,29,30,24,64,26,44,25,25,25,21,59,22,39,28,27,28,24,62,25,42,0.663444444,0.648355556,0.675266667,0.000311111,0.852133333,0.5292,0.808865556,0.079177778,0.077466667,0.081977778,0.000311111,0.128177778,0.056023333,0.112311111,0.014622222,0.014,0.015244444,0.007777778,0.029555556,0.009955556,0.0224,1.199955556,1.188288889,1.220022222,0.000311111,1.520088889,1.058135556,1.367481111,0.141244444,0.137977778,0.1442,0.000311111,0.213111111,0.10675,0.192142222,0.027066667,0.026133333,0.027688889,0.01555556,0.049155556,0.018355556,0.038577778
19,1,0.033333333,0.7,1449,1443,1457,0,1590,1,1515.775,0.280277778,0.278055556,0.2818,0,0.3094,0,0.300147222,0.034144444,0.0338,0.034411111,0,0.041822222,0,0.038375,0.006577778,0.006488889,0.006644444,0,0.008511111,0,0.007886111,26,10.4,0,0,375,371,377.5,311,441,331,417.85,60,59,61,45,109,50,82,47,46,48,36,98,38,69,53,52,54,43,104,45,75.425,0.039711111,0.039066667,0.040288889,0.031333333,0.049133333,0.03247,0.046702778,0.004766667,0.004655556,0.004833333,0.002577778,0.006888889,0.003390556,0.006495,0.000933333,0.000911111,0.000977778,0.000266667,0.001466667,0.000568333,0.001298333,0.0772,0.076311111,0.078155556,0.064088889,0.091688889,0.068502222,0.087059444,0.009322222,0.009155556,0.009488889,0.006044444,0.013244444,0.00741,0.011831667,0.0018,0.001733333,0.001822222,0.001133333,0.002666667,0.001266667,0.002311111
20,1,0.033333333,1,1449,1444,1452,0,1526,1,1497.775,0.280511111,0.279155556,0.281977778,0,0.305733333,0,0.299501111,0.034488889,0.034033333,0.034877778,0,0.040844444,0,0.039552778,0.006611111,0.006511111,0.006755556,0,0.008911111,0,0.008133333,27,10.8,0,0,446,443,450,383,509,404,490,47,46,48,38,83,40,67.9,37,36,37,29,74,31,55.9,42,41,42,34,80,36,61.9,0.041488889,0.040666667,0.041977778,0.031222222,0.052355556,0.034962222,0.049765556,0.005066667,0.004955556,0.005244444,0.003466667,0.007844444,0.003802222,0.006815556,0.000955556,0.000911111,0.001,0.000466667,0.001555556,0.000577778,0.001444444,0.079866667,0.0792,0.080311111,0.064311111,0.093911111,0.070401111,0.090286667,0.009688889,0.009422222,0.009866667,0.007111111,0.015688889,0.007752222,0.012288889,0.001844444,0.0018,0.001911111,0.000933333,0.003,0.001367778,0.002466667
21,1,0.033333333,1.3,1449.5,1445.5,1454,0,1515,1,1496.775,0.280722222,0.279388889,0.281944444,0,0.3084,0,0.300619444,0.034366667,0.033955556,0.034644444,0,0.041733333,0,0.039752778,0.006622222,0.006533333,0.006744444,0,0.008866667,0,0.008044444,15,6,6,2.4,484,482,488,411,558,439,529.15,40,39,40,32,75,34,53.15,32,31,32,26,69,27,46.15,37,37,37,29,73,32,51,0.043488889,0.042733333,0.044244444,0.033155556,0.058266667,0.035974444,0.052428889,0.005311111,0.005133333,0.005444444,0.0034,0.008111111,0.00386,0.007117778,0.001,0.000955556,0.001022222,0.000533333,0.001955556,0.000622222,0.001422222,0.081088889,0.0802,0.081844444,0.066155556,0.094244444,0.071654444,0.092515556,0.010022222,0.009911111,0.010288889,0.006844444,0.014466667,0.007458889,0.013143333,0.001933333,0.001866667,0.001955556,0.0012,0.003222222,0.001374444,0.002647778
22,1,0.033333333,1.6,1450.5,1445.5,1454,0,1511,1,1501,0.2806,0.278711111,0.282266667,0,0.305711111,2.72E-05,0.299340556,0.034188889,0.0339,0.034511111,0,0.041133333,2.72E-05,0.038733333,0.006588889,0.006488889,0.006666667,0,0.008177778,0,0.0078,8,3.2,16,6.4,507,502.5,510,441,579,460.05,552,36,35,36,28,73,31,51.975,30,29,31,24,69,25,45.95,34,34,35,27,73,29,49.95,0.044422222,0.043488889,0.045055556,0.034577778,0.057355556,0.036962778,0.053612778,0.0054,0.005266667,0.005577778,0.003533333,0.007733333,0.004045556,0.007155,0.001044444,0.001022222,0.0011,0.000466667,0.001666667,0.000645,0.001466667,0.082433333,0.081666667,0.083122222,0.067511111,0.095355556,0.072547222,0.091930556,0.009822222,0.009555556,0.009966667,0.006444444,0.013666667,0.007778333,0.012617778,0.001911111,0.001888889,0.001955556,0.001155556,0.002755556,0.001356667,0.002511111
23,1,0.033333333,1.9,1445,1442,1448.5,1,1530,1,1496.875,0.279677778,0.278644444,0.281144444,0,0.308022222,0,0.297745556,0.034044444,0.033666667,0.034333333,0,0.040377778,0,0.038656667,0.006544444,0.006444444,0.006633333,0,0.008866667,0,0.008051667,14,5.6,20,8,523,519,525,463,594,480.625,576.125,33,33,33,27,100,28,47.375,27,26,27,21,94,23,43.25,31,31,32,25,98,27,47.25,0.045288889,0.044377778,0.045844444,0.034066667,0.058466667,0.037491667,0.055461111,0.005466667,0.005333333,0.005577778,0.003711111,0.009622222,0.003952778,0.00745,0.001044444,0.000977778,0.001088889,0.000444444,0.002022222,0.000641667,0.001577778,0.083,0.082155556,0.083533333,0.069822222,0.102044444,0.073797222,0.095519444,0.010044444,0.009855556,0.010222222,0.006511111,0.014844444,0.007327778,0.013033333,0.001922222,0.001888889,0.002,0.001,0.003933333,0.001286111,0.002666667
24,1,0.033333333,2.2,1449,1446,1453,0,1508,1397.45,1494.775,0.280188889,0.279022222,0.281811111,0,0.302511111,0.25495,0.298044444,0.034555556,0.034066667,0.035044444,0,0.042288889,0.02756,0.039537222,0.006711111,0.0066,0.006844444,0,0.008511111,0.005032778,0.008083889,6,2.4,25,10,538,535.5,542,479,600,491.3,584.925,30.5,30,31,24,45,26,38.925,25,24,25,21,39,22,33,29,29,30,24,43,25.075,36.925,0.046433333,0.045744444,0.046922222,0.034666667,0.059377778,0.038726111,0.056165,0.005544444,0.0054,0.005677778,0.003444444,0.009288889,0.003981111,0.007475556,0.001088889,0.001066667,0.001133333,0.000555556,0.001933333,0.000711111,0.001661667,0.083511111,0.082966667,0.084333333,0.066355556,0.1008,0.072276667,0.094992778,0.010033333,0.009855556,0.010333333,0.006533333,0.015533333,0.007825556,0.013491111,0.001966667,0.001911111,0.002022222,0.001266667,0.003044444,0.001401667,0.002709444
25,1,0.233333333,0.7,1446,1438,1451,0,1539,1,1508,1.951288889,1.939233333,1.970188889,0,2.153822222,0,2.110721667,0.2394,0.237222222,0.243677778,0,0.291355556,0,0.272463333,0.044877778,0.043788889,0.045577778,0,0.058488889,0,0.055428333,43,17.2,0,0,374,371,376,313,436,331.15,415.55,59,58,60,5,90,47.225,84,46,45,47,33,75,38,68.85,53,53,54,39,81,44,75.85,0.273777778,0.269577778,0.280311111,0.000155556,0.334133333,0.000155556,0.324831111,0.033133333,0.032511111,0.033444444,0.000155556,0.050088889,0.023138889,0.042894444,0.006377778,0.006222222,0.006688889,0.003422222,0.010266667,0.003888889,0.009597778,0.531844444,0.527022222,0.541955556,0.000155556,0.642911111,0.000155556,0.602606667,0.0644,0.063466667,0.065644444,0.000155556,0.091933333,0.048494444,0.0819,0.012288889,0.011666667,0.0126,0.007311111,0.018666667,0.008578889,0.016418889
26,1,0.233333333,1,1447,1443,1451,1,1529,1,1502.55,1.965911111,1.954166667,1.978044444,0,2.147133333,0,2.102002778,0.239477778,0.237144444,0.242044444,0,0.299755556,0,0.276577778,0.0462,0.045577778,0.046822222,0,0.059577778,0,0.055688889,23,9.2,1,0.4,441,438,445,384,505,402,483.35,48,47,49,37,73,40,64.35,38,37,39,29,62,31,53.7,43,42,44,35,67,36,58.35,0.287855556,0.283033333,0.292055556,0.000155556,0.391222222,0.000155556,0.349066667,0.034222222,0.033288889,0.034688889,0.000155556,0.055533333,0.026498889,0.046351667,0.006688889,0.006377778,0.007,0.0028,0.010733333,0.00399,0.009698889,0.552455556,0.545533333,0.556888889,0.000155556,0.660177778,0.000155556,0.632352778,0.067666667,0.066266667,0.0693,0.000155556,0.097844444,0.049108889,0.085493333,0.012911111,0.012444444,0.013222222,0.007622222,0.019755556,0.008757778,0.017476667
27,1,0.233333333,1.3,1449,1446,1452,0,1528,1,1486.775,1.962255556,1.950666667,1.974622222,0,2.155533333,3.50E-05,2.099953333,0.239477778,0.236911111,0.242355556,0,0.280311111,0,0.272031667,0.046355556,0.045888889,0.047133333,0,0.0602,0,0.055393333,15,6,12,4.8,483,479,485,412,547,432,533.15,40,39,40,32,64,33.85,57.15,32,31,32,25,60,27,49.15,37,37,38,30,64,31,54,0.303177778,0.298822222,0.308155556,0.000155556,0.417666667,0.000155556,0.362732222,0.036866667,0.035777778,0.037488889,0.024422222,0.054133333,0.027354444,0.049777778,0.007,0.006844444,0.007155556,0.003422222,0.011355556,0.004511111,0.010134444,0.565288889,0.557511111,0.571044444,0.000155556,0.661266667,0.000155556,0.646092222,0.069533333,0.067511111,0.070622222,0.049933333,0.093333333,0.053822222,0.087375556,0.013222222,0.012755556,0.013688889,0.007622222,0.020688889,0.00931,0.018822222
28,1,0.233333333,1.6,1445,1440,1450,1,1532,1,1492.775,1.955255556,1.946855556,1.968088889,0,2.136088889,0,2.085451667,0.238544444,0.236755556,0.240722222,0,0.290266667,0,0.273672778,0.046433333,0.045888889,0.047522222,0,0.0672,0,0.056085556,16,6.4,6,2.4,507,502,511,443,566,465.825,547.35,36,36,37,29,67,30,47,29,28,29,24,63,25,39.35,33,32,33,28,67,29,43.35,0.311733333,0.307688889,0.316711111,0.000155556,0.409111111,0.228262222,0.366718333,0.037644444,0.036866667,0.038344444,0.000155556,0.0602,0.026113889,0.051372222,0.007,0.006844444,0.007311111,0.003422222,0.013222222,0.004483889,0.011071667,0.575788889,0.571277778,0.581777778,0.000155556,0.698911111,0.467743889,0.656759444,0.0693,0.067277778,0.071088889,0.000155556,0.098622222,0.049875,0.091,0.012988889,0.0126,0.013533333,0.007311111,0.021622222,0.009306111,0.019005
29,1,0.233333333,1.9,1449.5,1446,1452.5,0,1515,1390.45,1500,1.965055556,1.948644444,1.972755556,0,2.131733333,1.801597778,2.070425,0.241733333,0.238933333,0.244144444,0,0.290266667,0.201689444,0.276974444,0.046822222,0.045888889,0.047288889,0,0.059266667,0.037282778,0.056221667,5,2,26,10.4,524,519,528,468,614,483.1,572,33,33,34,27,75,28.1,44.9,27,26,27,23,67,24,39,31,31,31,27,71,28,43,0.324411111,0.319977778,0.329233333,0.000155556,0.446288889,0.259777778,0.396530556,0.038733333,0.037488889,0.039588889,0.000155556,0.061288889,0.027708333,0.055105556,0.007311111,0.007155556,0.007622222,0.003577778,0.013377778,0.004822222,0.011511111,0.582011111,0.573455556,0.5866,0.000155556,0.6972,0.497680556,0.660702778,0.070544444,0.068133333,0.072644444,0.000155556,0.112777778,0.055572222,0.090572222,0.013688889,0.013066667,0.014155556,0.009022222,0.021777778,0.009644444,0.019102222
30,1,0.233333333,2.2,1448.5,1443,1453,0,1533,1,1500.775,1.959611111,1.945222222,1.969955556,0,2.128466667,0,2.093178889,0.2366,0.233566667,0.239555556,0,0.283266667,0,0.271028333,0.046044444,0.045266667,0.046822222,0,0.058177778,0,0.055463333,14,5.6,28,11.2,537.5,536,540.5,483,602,495.875,579.25,30,29,30,24,55,25.875,41,25,25,25,21,48,22,34,29,29,30,25,52,26,38,0.3234,0.318577778,0.329233333,0.236755556,0.399,0.259058333,0.378233333,0.039044444,0.038111111,0.040133333,0.000155556,0.066266667,0.026887778,0.051547222,0.007466667,0.007233333,0.007777778,0.003577778,0.011977778,0.004472222,0.011219444,0.584811111,0.577577778,0.592122222,0.493266667,0.693155556,0.510047222,0.659361111,0.070777778,0.069688889,0.072566667,0.000155556,0.101422222,0.052418333,0.091190556,0.013688889,0.013222222,0.014311111,0.006844444,0.021933333,0.009002778,0.019152778
31,1,0.466666667,0.7,1442,1438,1447,0,1532,1,1514,3.905377778,3.871933333,3.932133333,0,4.290533333,0,4.209932222,0.474911111,0.468377778,0.480666667,0,0.585822222,0,0.541776667,0.091466667,0.090066667,0.093488889,0,0.129422222,0,0.110856667,37,14.8,0,0,375,372,379,321,441,333.9,422.1,60,59,62,47,86,50,80.8,46,45,47,37,75,38,66,52,50,52,42,80,44,73,0.556111111,0.5502,0.5656,0.000311111,0.742622222,0.000311111,0.680213333,0.067822222,0.066577778,0.070311111,0.000311111,0.098311111,0.042373333,0.091964444,0.013066667,0.012133333,0.013688889,0.007155556,0.023644444,0.007871111,0.018977778,1.073955556,1.060422222,1.090444444,0.000311111,1.3608,0.000311111,1.238214444,0.133155556,0.130666667,0.135333333,0.000311111,0.191955556,0.102542222,0.168746667,0.025511111,0.024888889,0.026133333,0.01586667,0.0392,0.017733333,0.033506667
32,1,0.466666667,1,1448,1440.5,1451.5,0,1545,1,1508.775,3.923266667,3.902733333,3.945511111,0,4.330977778,0,4.214808889,0.4802,0.474755556,0.485333333,0,0.5572,0,0.544856667,0.092711111,0.090844444,0.0938,0,0.121955556,0,0.110374444,24,9.6,1,0.4,439,432.5,441,385,531,406.625,487,47,46,48,36,76,39,61.375,37.5,36.5,38,29,69,31,52,43,42,44,34,74,36,57,0.578666667,0.569955556,0.586444444,0.000311111,0.780888889,0.000311111,0.712934444,0.0714,0.069066667,0.0728,0.000311111,0.113866667,0.048128889,0.10297,0.013066667,0.012444444,0.013377778,0.000311111,0.024266667,0.007777778,0.02002,1.102422222,1.091066667,1.116888889,0.000311111,1.331555556,0.000311111,1.269994444,0.1344,0.132533333,0.136577778,0.000311111,0.196933333,0.101328889,0.169011111,0.025511111,0.024577778,0.026444444,0.000311111,0.038888889,0.017717778,0.035373333
33,1,0.466666667,1.3,1448,1446,1452,1,1514,1,1492.775,3.908022222,3.884066667,3.920311111,0,4.322577778,0,4.152882222,0.476933333,0.472111111,0.483466667,0,0.574622222,0,0.546132222,0.090844444,0.089133333,0.0924,0,0.121955556,0,0.112241111,13,5.2,7,2.8,481,478,484,417,546,439.6,525.1,41,41,42,33,68,34,58.2,33,32,34,26,62,28,50.2,37,36,37,30,66,32,54.2,0.6132,0.608222222,0.620977778,0.000311111,0.794577778,0.495988889,0.728832222,0.074666667,0.073111111,0.077155556,0.042933333,0.118533333,0.05124,0.098311111,0.013688889,0.013066667,0.014,0.005911111,0.026755556,0.008057778,0.020222222,1.139755556,1.124044444,1.151733333,0.000311111,1.313511111,1.002384444,1.29899,0.136888889,0.134088889,0.139377778,0.094888889,0.186666667,0.106897778,0.173848889,0.027066667,0.026133333,0.028,0.01524444,0.044488889,0.018293333,0.036524444
34,1,0.466666667,1.6,1447.5,1443.5,1451.5,1,1541,1.225,1494,3.931511111,3.909888889,3.949244444,0,4.294577778,0.000311111,4.203733333,0.480666667,0.475844444,0.484711111,0,0.586444444,7.00E-05,0.554742222,0.093955556,0.0924,0.095666667,0,0.123511111,7.00E-05,0.113516667,8,3.2,10,4,508,502,510.5,449,589,469,555.975,36,35,36.5,27,76,30,53.95,30,29.5,30,24,69,25,47,34,34,35,27,73,28.025,51,0.623777778,0.611644444,0.639644444,0.000311111,0.905955556,0.501915556,0.756886667,0.074666667,0.073111111,0.077155556,0.000311111,0.1344,0.055688889,0.104222222,0.014622222,0.014311111,0.015244444,0.000311111,0.032977778,0.008415556,0.02114,1.144888889,1.129955556,1.160755556,0.000311111,1.374177778,1.013304444,1.305857778,0.134711111,0.1316,0.1372,0.000311111,0.195377778,0.108033333,0.177551111,0.026133333,0.025511111,0.026755556,0.000311111,0.0476,0.018666667,0.039184444
35,1,0.466666667,1.9,1447,1444.5,1450,0,1525,1386.125,1495,3.919688889,3.902577778,3.9396,0,4.350888889,3.56573,4.19979,0.482533333,0.476,0.486266667,0,0.622222222,0.406077778,0.548107778,0.092088889,0.0896,0.093022222,0,0.121644444,0.071423333,0.112863333,6,2.4,16,6.4,524,520.5,527,453,587,476.225,567.925,33,32.5,34,26,52,28,43.925,27,26,27,23,46,23,38,31,31,31,26,50,27,42,0.639177778,0.63,0.649911111,0.490933333,0.808888889,0.529145556,0.756552222,0.076533333,0.074666667,0.077466667,0.000311111,0.130355556,0.053293333,0.106773333,0.014933333,0.014622222,0.015555556,0.000311111,0.028933333,0.009053333,0.023022222,1.164022222,1.154222222,1.179577778,0.9128,1.419911111,1.00793,1.306993333,0.141866667,0.139066667,0.145288889,0.000311111,0.200044444,0.106804444,0.180475556,0.027066667,0.026133333,0.027688889,0.000311111,0.042622222,0.01932,0.035746667
36,1,0.466666667,2.2,1451.5,1447.5,1454,1,1505,1,1492.775,3.940377778,3.9284,3.971022222,0,4.261288889,0,4.200785556,0.4732,0.465577778,0.477555556,0,0.575866667,0,0.552253333,0.091777778,0.089911111,0.093022222,0,0.115733333,0,0.107885556,9,3.6,22,8.8,539,536,545,491,613,498,590,31,31,32,25,48,27,38,26,26,27,21,41,22,33,29,28,29,25,45,26,36,0.642755556,0.633733333,0.652088889,0.492177778,0.8596,0.528266667,0.795511111,0.0756,0.073422222,0.077155556,0.000311111,0.122577778,0.054771111,0.106991111,0.014311111,0.013688889,0.014622222,0.007777778,0.026133333,0.009022222,0.023022222,1.175066667,1.166355556,1.186266667,0.994933333,1.4784,1.033822222,1.351155556,0.139222222,0.136111111,0.141555556,0.000311111,0.200977778,0.106438889,0.181984444,0.027066667,0.026133333,0.027688889,0.014,0.0392,0.019288889,0.037022222
37,1.5,0.033333333,0.7,1235,1228,1246.5,0,1360,1,1312.55,0.236488889,0.234111111,0.239411111,0,0.268533333,0,0.263421667,0.029122222,0.028733333,0.029577778,0,0.036955556,0,0.03356,0.005688889,0.005622222,0.005788889,0,0.007022222,0,0.006750556,42,16.8,1,0.4,303.5,299.5,309,213,366,262.175,351.3,61,58,62,9,111,49,88.725,48,46,49,36,98,39,76.825,56,55,58,44,107,46,84.825,0.039088889,0.038355556,0.039644444,0.029511111,0.047933333,0.032541111,0.045694444,0.004866667,0.004755556,0.005,0.002866667,0.006844444,0.003389444,0.006277222,0.000933333,0.000911111,0.000977778,0.000488889,0.001488889,0.000555556,0.001392222,0.075366667,0.074822222,0.076366667,0.059422222,0.091044444,0.066083333,0.085651111,0.009355556,0.009177778,0.009555556,0.006,0.014888889,0.006985556,0.011848889,0.001788889,0.001755556,0.001866667,0.001088889,0.0034,0.001248333,0.002414444
38,1.5,0.033333333,1,1283.5,1278.5,1290,0,1367,1,1335.325,0.247677778,0.246055556,0.248977778,0,0.2814,0,0.267279444,0.030188889,0.029711111,0.030388889,0,0.037555556,0,0.035068889,0.005844444,0.005688889,0.005988889,0,0.0078,0,0.007078889,27,10.8,11,4.4,384,378,388,327,462,342.55,435,49,48,50,41,84,41.55,66.25,40,40,41,31,72,33,55.7,45,44,45,36,78,38,61.8,0.040933333,0.040266667,0.041822222,0.029177778,0.054355556,0.033186667,0.048663333,0.005066667,0.004977778,0.005266667,0.003111111,0.007177778,0.003634444,0.006466667,0.000933333,0.000911111,0.000977778,0.000422222,0.001822222,0.000567778,0.001476667,0.077555556,0.076266667,0.078444444,0.064977778,0.094844444,0.067702222,0.088148889,0.009711111,0.009533333,0.010066667,0.006377778,0.013288889,0.00778,0.012067778,0.001822222,0.001733333,0.001866667,0.001133333,0.003111111,0.001333333,0.002508889
39,1.5,0.033333333,1.3,1300.5,1294.5,1308,0,1398,1,1363.875,0.251255556,0.249688889,0.2532,0,0.279266667,0,0.268515556,0.030733333,0.030277778,0.031022222,0,0.038133333,0,0.035473889,0.005866667,0.005755556,0.005988889,0,0.008066667,0,0.007111111,22,8.8,31,12.4,431,427,434,346,500,387.7,477.325,41,40,41,34,100,35,62.975,34,33.5,35,27,90,28,54.975,38.5,38,39,31,95,33,59.975,0.042433333,0.041666667,0.042877778,0.033155556,0.054266667,0.035455,0.050553333,0.005144444,0.005022222,0.005288889,0.003111111,0.007511111,0.003689444,0.006857778,0.000977778,0.000933333,0.001022222,0.000288889,0.001822222,0.000577778,0.001488889,0.079877778,0.079111111,0.080866667,0.0694,0.094066667,0.071391667,0.089492222,0.009666667,0.009466667,0.009844444,0.006666667,0.013444444,0.007652222,0.012718333,0.001844444,0.0018,0.001911111,0.001,0.002955556,0.001288889,0.002540556
40,1.5,0.033333333,1.6,1312,1306,1317.5,1,1380,1,1367,0.2538,0.251644444,0.255355556,0,0.282822222,0,0.271624444,0.030955556,0.030433333,0.031266667,0,0.038577778,0,0.035527222,0.005933333,0.005822222,0.006022222,0,0.008022222,0,0.007266667,17,6.8,44,17.6,459,455,463,396,529,419,509.2,36,35,36,28,64,31,47.6,30,30,31,24,57,25.8,42.4,34,33,34,28,61,30,46.4,0.0434,0.042733333,0.044222222,0.033911111,0.0554,0.037542222,0.051937778,0.005333333,0.005177778,0.005511111,0.003622222,0.008533333,0.00388,0.007195556,0.001,0.000977778,0.001044444,0.000511111,0.001844444,0.00064,0.001497778,0.080977778,0.080066667,0.0818,0.065711111,0.097466667,0.07088,0.090262222,0.009955556,0.009622222,0.010177778,0.006444444,0.014,0.007377778,0.01296,0.001888889,0.001844444,0.001933333,0.001066667,0.003066667,0.001284444,0.002582222
41,1.5,0.033333333,1.9,1323.5,1320,1329.5,0,1388,2.9,1365.875,0.254633333,0.2534,0.256022222,0,0.2826,6.44E-05,0.271571667,0.0312,0.030844444,0.0315,0,0.038333333,5.00E-06,0.035451667,0.006055556,0.005966667,0.006166667,0,0.007577778,0,0.007229444,8,3.2,65,26,479,476,482,425,540,440.025,523.975,34,34,35,27,52,28,43,28,27.5,28,22,47,24,36.975,32,31.5,32,26,51,27.025,40.975,0.044566667,0.043833333,0.045266667,0.035644444,0.056711111,0.037052778,0.053372778,0.005422222,0.005288889,0.005533333,0.003222222,0.008355556,0.003956667,0.007310556,0.001,0.000966667,0.001044444,0.000533333,0.001711111,0.000644444,0.001510556,0.082233333,0.081522222,0.082933333,0.069711111,0.101422222,0.072825,0.094193333,0.009988889,0.009833333,0.0102,0.006755556,0.016044444,0.007624444,0.012866667,0.001911111,0.001844444,0.001977778,0.001088889,0.002866667,0.001333333,0.002599444
42,1.5,0.033333333,2.2,1327.5,1323,1331,1,1390,1264.9,1379.1,0.257644444,0.2569,0.258844444,0,0.280422222,0.235101667,0.276957778,0.0315,0.031166667,0.031966667,0,0.041555556,0.026736667,0.036414444,0.006133333,0.006055556,0.006244444,0,0.007911111,0.004632222,0.007577778,3,1.2,95,38,499,496,502,438,575,455,536,31,31,32,25,57,26.15,39.85,26,26,26,21,54,22,34.85,30,30,31,25,59,26,38.85,0.045911111,0.045266667,0.046777778,0.035977778,0.060222222,0.037924444,0.054243333,0.005555556,0.005422222,0.005733333,0.003666667,0.008088889,0.003958889,0.007463333,0.001022222,0.000977778,0.001066667,0.000488889,0.001711111,0.000625556,0.001574444,0.082244444,0.081066667,0.083155556,0.067244444,0.094977778,0.073531111,0.093224444,0.01,0.009733333,0.010222222,0.006511111,0.014666667,0.007981111,0.013164444,0.001933333,0.001844444,0.002,0.001155556,0.003822222,0.001355556,0.002793333
43,1.5,0.233333333,0.7,1229,1221,1238,0,1351,1,1318.775,1.652,1.638933333,1.668022222,0,1.999977778,0,1.830912222,0.202377778,0.199266667,0.205411111,0,0.252,0,0.23485,0.038733333,0.0378,0.039511111,0,0.051022222,0,0.047996667,39,15.6,1,0.4,300,297,302,219,375,261,350.75,61,58,62,4,109,49,89.65,49,48,50,37,97,40,78.25,56,55,57,43,107,47,85.5,0.271133333,0.268022222,0.276733333,0.000155556,0.341755556,0.000155556,0.322871111,0.0336,0.032666667,0.034688889,0.000155556,0.046511111,0.022882222,0.043291111,0.006377778,0.006066667,0.006533333,0.003111111,0.010888889,0.004238889,0.009411111,0.525622222,0.520644444,0.530755556,0.000155556,0.623,0.000155556,0.5866,0.0644,0.063311111,0.066111111,0.000155556,0.086644444,0.04732,0.079271111,0.012288889,0.011977778,0.012911111,0.007,0.022866667,0.008555556,0.016994444
44,1.5,0.233333333,1,1283,1279,1287,1,1383,1,1349.775,1.741366667,1.733666667,1.755755556,0,1.932466667,0,1.871877778,0.215211111,0.213888889,0.218477778,0,0.266777778,0,0.246275556,0.041533333,0.041066667,0.042,0,0.056933333,0,0.048844444,21,8.4,13,5.2,385,380,389,302,466,343,432.2,48,47,49,5,88,39,67,39,38,40,29,79,31,57.6,44,43,44,34,85,37,64.3,0.285522222,0.280466667,0.290111111,0.000155556,0.361822222,0.000155556,0.346181111,0.034844444,0.033677778,0.036088889,0.000155556,0.0546,0.024558333,0.046756111,0.006688889,0.006377778,0.006844444,0.003577778,0.012288889,0.004153333,0.010048889,0.544288889,0.539622222,0.549888889,0.000155556,0.646022222,0.000155556,0.623672778,0.066422222,0.064866667,0.068133333,0.000155556,0.099088889,0.051399444,0.085423333,0.012755556,0.012444444,0.013066667,0.007933333,0.018822222,0.009022222,0.016846667
45,1.5,0.233333333,1.3,1301.5,1297,1307,1,1370,1,1356.325,1.769055556,1.756844444,1.782511111,0,1.954711111,0,1.87012,0.218166667,0.215288889,0.222133333,0,0.264288889,0,0.251646111,0.041688889,0.0406,0.042155556,0,0.053666667,0,0.051228333,21,8.4,40,16,431,428,434,333,499,381,476,41,40,41,33,108,35,54.3,34,34,35,26,99,28,48,38,37,38,31,105,33,53,0.302555556,0.298822222,0.308,0.000155556,0.368044444,0.236755556,0.353951111,0.0364,0.035622222,0.037022222,0.000155556,0.061288889,0.026444444,0.04795,0.007,0.006688889,0.007311111,0.000155556,0.0112,0.003888889,0.010266667,0.558444444,0.551133333,0.563888889,0.000155556,0.684288889,0.477617778,0.634417778,0.0686,0.067355556,0.07,0.000155556,0.097533333,0.05145,0.087188889,0.013066667,0.012755556,0.013533333,0.000155556,0.018511111,0.008555556,0.017577778
46,1.5,0.233333333,1.6,1314,1310,1320,1,1393,1,1372.55,1.781888889,1.774344444,1.795266667,0,1.976644444,0,1.904723333,0.217388889,0.215055556,0.2198,0,0.261955556,0,0.250113889,0.042,0.041533333,0.042933333,0,0.0602,0,0.051434444,11,4.4,53,21.2,463,460,466,390,520,418,505.1,37,36,38,29,68,30.95,47,31,31,32,24,61,25,41,35,35,36,28,66,29,45,0.305977778,0.301,0.3108,0.000155556,0.382977778,0.247395556,0.366158333,0.037488889,0.037022222,0.038422222,0.023022222,0.053977778,0.025021111,0.048852222,0.007155556,0.007,0.007311111,0.004044444,0.0126,0.004355556,0.010422222,0.566688889,0.562955556,0.572444444,0.000155556,0.675888889,0.487526667,0.641005556,0.067977778,0.066888889,0.07,0.050555556,0.095666667,0.054288889,0.088721111,0.013066667,0.012755556,0.013533333,0.007622222,0.023644444,0.009333333,0.018674444
47,1.5,0.233333333,1.9,1325,1322,1329,1,1383,1.225,1369,1.791377778,1.784377778,1.8011,0,2.019733333,3.50E-05,1.913037778,0.220733333,0.219022222,0.223066667,0,0.264755556,0.000155556,0.252478333,0.043244444,0.042622222,0.043944444,0,0.055377778,0,0.051022222,8,3.2,63,25.2,483,480,487,425,561,436.075,531.975,33,33,34,26,63,28.025,43.975,28,28,29,22,57,24,38.975,31,30,31,26,61,27,43,0.315,0.310488889,0.3206,0.000155556,0.408644444,0.255951111,0.377377778,0.037644444,0.036711111,0.038577778,0.000155556,0.059111111,0.027401111,0.050057778,0.007155556,0.007,0.007311111,0.003888889,0.012133333,0.004670556,0.010418333,0.571511111,0.562488889,0.576488889,0.000155556,0.689577778,0.493912222,0.645796667,0.070311111,0.068288889,0.071555556,0.000155556,0.099866667,0.054452222,0.090976667,0.013533333,0.013222222,0.013844444,0.006533333,0.020533333,0.009177778,0.018977778
48,1.5,0.233333333,2.2,1329,1323.5,1333,0,1396,1209.4,1371.55,1.806311111,1.7927,1.816888889,0,1.971822222,1.588622778,1.910222222,0.2191,0.216377778,0.221666667,0,0.262577778,0.182,0.254154444,0.042077778,0.041533333,0.042622222,0,0.054911111,0.031325,0.050174444,6,2.4,74,29.6,497,493,501,421,571,453,540,31,31,32,25,55,26,39,26,26,27,22,52,22,34.925,30,30,31,25,56,26,38.925,0.321377778,0.3178,0.326666667,0.000155556,0.437111111,0.275535556,0.382775556,0.039044444,0.037644444,0.040133333,0.025822222,0.062533333,0.028167222,0.053009444,0.007622222,0.007311111,0.008088889,0.000155556,0.012288889,0.004044444,0.010562222,0.574466667,0.567622222,0.580377778,0.000155556,0.752577778,0.505586667,0.654157778,0.069844444,0.068522222,0.0714,0.047133333,0.110133333,0.052888889,0.091108889,0.013377778,0.012911111,0.013688889,0.000155556,0.020066667,0.009037778,0.018651111
49,1.5,0.466666667,0.7,1226.5,1216,1237,0,1356,1,1315.775,3.285644444,3.238977778,3.308044444,0,3.789644444,0,3.67843,0.409888889,0.403355556,0.42,0,0.499955556,0,0.468323333,0.078555556,0.077777778,0.080266667,0,0.096755556,0,0.092882222,46,18.4,0,0,304,299.5,309,223,367,252.075,351.625,63,62,65,49,102,51,91,50,49,52,36,94,40,79,57,55.5,58.5,43,101,46.075,86.925,0.545066667,0.536666667,0.556266667,0.000311111,0.6748,0.000311111,0.625364444,0.065644444,0.063155556,0.066888889,0.000311111,0.104222222,0.046371111,0.087142222,0.012755556,0.012444444,0.013377778,0.000311111,0.020533333,0.008088889,0.018316667,1.043155556,1.030711111,1.064622222,0.000311111,1.247866667,0.000311111,1.179764444,0.129733333,0.127866667,0.131911111,0.000311111,0.172355556,0.094266667,0.164297778,0.024422222,0.023955556,0.025511111,0.000311111,0.039511111,0.018666667,0.032005556
50,1.5,0.466666667,1,1283,1277.5,1290,0,1365,1,1349,3.474488889,3.460955556,3.501866667,0,3.836933333,0,3.737245556,0.419688889,0.414866667,0.4256,0,0.517377778,0,0.48986,0.080577778,0.079022222,0.081511111,0,0.107644444,0,0.098482222,35,14,11,4.4,385,381,389,309,455,340.1,429,48,47,49,39,121,40.35,68.6,39,38,40,30,110,32,58.55,44,43,45,35,117,37,64.55,0.570577778,0.560933333,0.582088889,0.000311111,0.759111111,0.000311111,0.676021111,0.068755556,0.066577778,0.070311111,0.000311111,0.104222222,0.050275556,0.094453333,0.013066667,0.012444444,0.013377778,0.000311111,0.021466667,0.007583333,0.019288889,1.087488889,1.076911111,1.105533333,0.000311111,1.309777778,0.000311111,1.24425,0.130977778,0.126622222,0.1344,0.000311111,0.196,0.098933333,0.172791111,0.025977778,0.0252,0.026444444,0.000311111,0.043244444,0.018472222,0.034844444
51,1.5,0.466666667,1.3,1301.5,1296,1305,1,1388,1,1359.55,3.515866667,3.493622222,3.537955556,0,3.876133333,0,3.772805556,0.435088889,0.430577778,0.441466667,0,0.508977778,0,0.488374444,0.083533333,0.081822222,0.084933333,0,0.1092,0,0.097548889,18,7.2,29,11.6,430,426,433,372,509,390.65,475.225,41,40,41,32,77,35,57.225,34,34,35,27,68,28,50,38,37,38,31,74,32.775,55,0.598266667,0.589866667,0.609466667,0.000311111,0.776844444,0.000311111,0.717313333,0.0728,0.070622222,0.073733333,0.000311111,0.108577778,0.051022222,0.098311111,0.014,0.013688889,0.014622222,0.000311111,0.026444444,0.008275556,0.019288889,1.121244444,1.113777778,1.1396,0.000311111,1.373555556,0.000311111,1.280362222,0.135333333,0.130977778,0.137511111,0.000311111,0.199111111,0.103475556,0.173973333,0.026133333,0.0252,0.026755556,0.000311111,0.039511111,0.017982222,0.035528889
52,1.5,0.466666667,1.6,1314,1309.5,1317.5,1,1382,1,1359.325,3.551488889,3.5336,3.571088889,0,3.828533333,0.000622222,3.781858889,0.434777778,0.428088889,0.439911111,0,0.540711111,0,0.503688889,0.083377778,0.081977778,0.084,0,0.113866667,0,0.104012222,9,3.6,47,18.8,461,456,464,405,518,417,503,36,35,36,29,64,31,51,30,29,30,24,57,26,46,35,35,36,28,61,30,50,0.609622222,0.598733333,0.621444444,0.000311111,0.7672,0.48755,0.739705556,0.073422222,0.070933333,0.0756,0.0448,0.1176,0.052266667,0.104533333,0.014,0.013377778,0.014311111,0.007155556,0.025822222,0.009022222,0.020533333,1.130888889,1.1158,1.140688889,0.000311111,1.292977778,0.953866667,1.285433333,0.1372,0.134088889,0.140933333,0.091777778,0.195377778,0.102355556,0.174533333,0.026444444,0.025511111,0.027377778,0.01524444,0.040133333,0.018666667,0.0364
53,1.5,0.466666667,1.9,1317.5,1312,1320,0,1402,1,1379.325,3.583688889,3.5602,3.597688889,0,3.9396,0,3.817457778,0.4382,0.432755556,0.443955556,0,0.530755556,0,0.507111111,0.084311111,0.083377778,0.085555556,0,0.105777778,0,0.102176667,14,5.6,72,28.8,483,479.5,487.5,427,567,436,531.25,33,32,33,27,61,28,45.125,28,28,28,22,58,23.875,38.375,32,32,33,26,61,27.875,43.25,0.630777778,0.621911111,0.639022222,0.000311111,0.773422222,0.514173333,0.731445556,0.076222222,0.074044444,0.078711111,0.000311111,0.123511111,0.056528889,0.108048889,0.014,0.013533333,0.014466667,0.005911111,0.024577778,0.00805,0.021466667,1.142555556,1.128088889,1.148466667,0.000311111,1.356755556,1.010107778,1.316614444,0.14,0.136266667,0.143888889,0.000311111,0.186977778,0.105451111,0.176516667,0.026755556,0.025822222,0.027377778,0.01462222,0.040444444,0.017694444,0.036127778
54,1.5,0.466666667,2.2,1327,1322,1330,0,1389,1.225,1374,3.603444444,3.5938,3.6204,0,3.943644444,0.000311111,3.871855556,0.438044444,0.432444444,0.441155556,0,0.540088889,7.00E-05,0.508386667,0.084622222,0.083377778,0.085555556,0,0.112622222,7.00E-05,0.102044444,8,3.2,77,30.8,497,494,499,431,558,456,533.95,31,31,31,23,62,26.025,43,26,25,26,20,56,22,37,30,30,31,24,60,26,41,0.635288889,0.625022222,0.644622222,0.000311111,0.810755556,0.527504444,0.758504444,0.077777778,0.074977778,0.079955556,0.000311111,0.140311111,0.054802222,0.10542,0.014622222,0.014311111,0.015244444,0.006844444,0.025822222,0.008718889,0.02177,1.165111111,1.1508,1.180044444,0.000311111,1.372,1.016742222,1.297566667,0.140311111,0.137511111,0.144044444,0.000311111,0.208444444,0.108593333,0.186728889,0.026444444,0.026133333,0.027066667,0.0168,0.042311111,0.018985556,0.037014444
55,2,0.033333333,0.7,1024,1010,1037.5,0,1183,1,1135.875,0.196244444,0.192777778,0.198677778,0,0.243155556,0,0.225830556,0.024088889,0.023666667,0.024488889,0,0.030444444,0,0.028328333,0.004533333,0.004411111,0.004633333,0,0.005955556,0,0.005834444,45,18,4,1.6,240,237,246,111,308,169,286.8,64,62,65,4,153,51,92.825,52,51,53,37,133,41,83.9,60,58,61,45,148,49,93.9,0.038333333,0.037711111,0.038911111,0.027288889,0.047466667,0.032631111,0.04462,0.004666667,0.004577778,0.004733333,0.0032,0.006666667,0.00352,0.006146667,0.000888889,0.000866667,0.000911111,0.000422222,0.001377778,0.000577778,0.001244444,0.074088889,0.073533333,0.074911111,0.060911111,0.085711111,0.065084444,0.082524444,0.009066667,0.008933333,0.009177778,0.006422222,0.011911111,0.007137778,0.011155556,0.001733333,0.001688889,0.001777778,0.001088889,0.002355556,0.001251111,0.002266667
56,2,0.033333333,1,1125,1115.5,1133,0,1257,1,1196.55,0.217244444,0.215633333,0.219355556,0,0.245666667,0,0.236424444,0.026411111,0.025655556,0.026711111,0,0.032911111,0,0.031728333,0.005011111,0.004877778,0.005111111,0,0.006844444,0,0.006332778,29,11.6,45,18,330,326,332,200,424,271,379,50,49,51,38,90,41,71.5,41,40,42,30,83,32,62,47,46,48,35,91,38,68.5,0.041155556,0.040422222,0.041933333,0.032355556,0.050311111,0.033822222,0.048677778,0.004866667,0.004733333,0.005,0.003177778,0.007422222,0.003833333,0.006566667,0.000933333,0.000888889,0.000977778,0.000511111,0.001622222,0.000633333,0.001366667,0.076311111,0.075377778,0.0768,0.064644444,0.092155556,0.068355556,0.088133333,0.009333333,0.0092,0.009511111,0.006466667,0.013377778,0.007422222,0.011922222,0.001777778,0.001733333,0.001822222,0.000977778,0.002977778,0.001222222,0.002444444
57,2,0.033333333,1.3,1171,1167,1176,0,1249,1,1232,0.225166667,0.223033333,0.227611111,0,0.255755556,0,0.244419444,0.027666667,0.027233333,0.028088889,0,0.034177778,0,0.032157778,0.005377778,0.005311111,0.005511111,0,0.007177778,0,0.006456667,21,8.4,70,28,385,382,389,272,442,337.1,426.3,43,43,45,33,80,34.7,57.3,35,35,36,27,71,29,50.6,40,40,41,32,77,33,55.6,0.041866667,0.041111111,0.042377778,0.031133333,0.056777778,0.033953333,0.049537778,0.005044444,0.004955556,0.005222222,0.003244444,0.007488889,0.0038,0.007006667,0.000933333,0.000888889,0.000955556,0.000466667,0.001577778,0.000593333,0.001451111,0.078355556,0.0778,0.079266667,0.066133333,0.097177778,0.068777778,0.087455556,0.009488889,0.009288889,0.009688889,0.006088889,0.015733333,0.007077778,0.012368889,0.001822222,0.001755556,0.001911111,0.001,0.002733333,0.0012,0.002562222
58,2,0.033333333,1.6,1196.5,1193,1203,0,1290,1,1251,0.230033333,0.229177778,0.230777778,0,0.266622222,0,0.250949444,0.028066667,0.027577778,0.028422222,0,0.034822222,0,0.03232,0.005355556,0.005233333,0.0054,0,0.007288889,0,0.006706111,19,7.6,111,44.4,422,420,426,359,482,370.75,466.5,37,37,38,29,82,31,47.25,30,29,30,23,77,26,42,35,35,36,27,82,30,47,0.042977778,0.042422222,0.043622222,0.034822222,0.051866667,0.036866667,0.050722222,0.005266667,0.005155556,0.005355556,0.003044444,0.007733333,0.003716667,0.006744444,0.000977778,0.000933333,0.001022222,0.000355556,0.001911111,0.000633333,0.001516667,0.080022222,0.079444444,0.080977778,0.068422222,0.091955556,0.070727778,0.089255556,0.009733333,0.009511111,0.009933333,0.006533333,0.013222222,0.007538889,0.012444444,0.001822222,0.001777778,0.001866667,0.001177778,0.002911111,0.001311111,0.0026
59,2,0.033333333,1.9,1203.5,1199,1208,1,1273,1,1255.775,0.232466667,0.230477778,0.2337,0,0.256733333,0,0.250345556,0.028533333,0.028111111,0.028888889,0,0.036111111,0,0.03338,0.005488889,0.005388889,0.0056,0,0.007444444,0,0.006802222,9,3.6,119,47.6,443,439,447,380,504,395,483,34,34,35,26,54,29,45,28,27,28,23,48,24,38,32,31,32,27,52,28,43,0.043977778,0.043244444,0.044555556,0.035444444,0.056644444,0.036888889,0.053333333,0.005311111,0.0052,0.005422222,0.003355556,0.007866667,0.003911111,0.007288889,0.001022222,0.001,0.001066667,0.000511111,0.001955556,0.000644444,0.001533333,0.080444444,0.079555556,0.081155556,0.066977778,0.0944,0.070022222,0.091955556,0.009822222,0.009555556,0.010066667,0.006244444,0.015866667,0.007377778,0.013044444,0.001911111,0.001844444,0.001955556,0.000866667,0.003133333,0.001377778,0.002666667
60,2,0.033333333,2.2,1219,1214,1227,0,1291,1,1266.425,0.2343,0.232444444,0.235688889,0,0.259177778,2.72E-05,0.252771667,0.028811111,0.028477778,0.029177778,0,0.036377778,0,0.033162222,0.005533333,0.005422222,0.005611111,0,0.007733333,0,0.006913333,9,3.6,139,55.6,459,456,462,403,516,414,501,31,31,32,26,53,27,42,26,25,26,21,50,23,39,30,30,30,25,55,26,43,0.045066667,0.044333333,0.045822222,0.035333333,0.0558,0.037822222,0.052644444,0.005444444,0.005266667,0.005577778,0.003222222,0.008711111,0.004,0.007244444,0.001044444,0.001022222,0.001066667,0.000533333,0.002,0.000622222,0.001533333,0.081666667,0.080822222,0.082377778,0.0632,0.094311111,0.071355556,0.090511111,0.009755556,0.009444444,0.009911111,0.007266667,0.014555556,0.007666667,0.013088889,0.001888889,0.001844444,0.001933333,0.001088889,0.003,0.001288889,0.0026
61,2,0.233333333,0.7,1021.5,1011,1037,0,1159,1,1124.55,1.383277778,1.368266667,1.403811111,0,1.615755556,0,1.549788333,0.167611111,0.1659,0.169711111,0,0.210777778,0,0.200437222,0.032044444,0.031422222,0.032666667,0,0.043555556,0,0.040821667,33,13.2,3,1.2,240,235,244,123,310,178.8,296.8,64,62,65,4,113,50.45,94.65,52,51,53,37,104,40.4,81.6,60,58,61,45,118,48.4,92.2,0.263822222,0.260555556,0.267555556,0.000155556,0.3416,0.000155556,0.322777778,0.032122222,0.031422222,0.0329,0.000155556,0.045422222,0.022435,0.042859444,0.006222222,0.006066667,0.006377778,0.003266667,0.010266667,0.003795556,0.009022222,0.515044444,0.511311111,0.519244444,0.000155556,0.610711111,0.000155556,0.580782222,0.063077778,0.061755556,0.064244444,0.000155556,0.088511111,0.047355,0.081674444,0.011822222,0.011666667,0.012444444,0.006533333,0.018355556,0.008462222,0.016737778
62,2,0.233333333,1,1127.5,1120.5,1135,0,1270,1,1208.55,1.519777778,1.507644444,1.535177778,0,1.750933333,0,1.672051111,0.187211111,0.185111111,0.189622222,0,0.239088889,0,0.218792778,0.036088889,0.035544444,0.037022222,0,0.049466667,0,0.044142778,26,10.4,49,19.6,331,325.5,335,231,403,281.725,376.85,49,47.5,50,38,88,40.575,72.425,40,39,41,31,81,33,63,46,45,47,37,88,39,70,0.281711111,0.277666667,0.285444444,0.000155556,0.356066667,0.000155556,0.332383333,0.034377778,0.033444444,0.035077778,0.000155556,0.054755556,0.02555,0.046627778,0.006533333,0.006222222,0.006688889,0.003266667,0.013222222,0.004133889,0.009955556,0.536822222,0.530911111,0.5446,0.000155556,0.654266667,0.000155556,0.604955556,0.066344444,0.065177778,0.067511111,0.000155556,0.089133333,0.049719444,0.082872222,0.0126,0.012288889,0.013066667,0.007311111,0.018355556,0.009177778,0.016866111
63,2,0.233333333,1.3,1175,1171,1182,1,1262,1,1236,1.5911,1.579044444,1.607277778,0,1.7948,0,1.711072222,0.194755556,0.192577778,0.1988,0,0.238777778,0,0.229973333,0.037255556,0.036477778,0.038033333,0,0.048688889,0,0.046165,24,9.6,83,33.2,388.5,385.5,392,335,459,347,436,41,40,42,33,68,34.625,52.375,34,34,35,28,56,29,46.375,39,39,40,33,62,34,51.375,0.296877778,0.293066667,0.299911111,0.000155556,0.395266667,0.000155556,0.351594444,0.036633333,0.035777778,0.037722222,0.000155556,0.055066667,0.025098889,0.047495,0.007,0.006533333,0.007466667,0.000155556,0.012288889,0.004301111,0.010064444,0.550666667,0.545688889,0.554944444,0.000155556,0.658933333,0.000155556,0.623,0.067277778,0.066111111,0.068444444,0.000155556,0.095666667,0.048082222,0.088044444,0.013066667,0.012755556,0.013377778,0.000155556,0.020688889,0.008656667,0.017896667
64,2,0.233333333,1.6,1188,1183.5,1192,0,1262,1,1244.55,1.61,1.602844444,1.623222222,0,1.828088889,0.000155556,1.732037222,0.196544444,0.193822222,0.1988,0,0.231777778,0,0.225174444,0.037955556,0.037333333,0.038811111,0,0.052266667,0,0.045542778,15,6,111,44.4,417,413,422,350,495,374.85,465.15,37,36,37,29,62,31,51,31,30,32,24,56,26,45,36,36,37,29,61,30.85,49.15,0.303333333,0.300066667,0.308,0.000155556,0.390755556,0.000155556,0.359255556,0.0364,0.035466667,0.037177778,0.000155556,0.053044444,0.025487778,0.048591667,0.007,0.006844444,0.007311111,0.003266667,0.011977778,0.004176667,0.010204444,0.556422222,0.5516,0.562177778,0.000155556,0.658466667,0.000155556,0.629066667,0.067511111,0.066111111,0.0686,0.000155556,0.096288889,0.050485556,0.088196111,0.012911111,0.012755556,0.013377778,0.008555556,0.020844444,0.009154444,0.017912222
65,2,0.233333333,1.9,1208.5,1204,1216,1,1281,1090.275,1269.55,1.637533333,1.630455556,1.650833333,0,1.795266667,1.452045,1.745053333,0.201444444,0.199422222,0.204477778,0,0.253711111,0.165413889,0.237583889,0.039122222,0.038422222,0.0399,0,0.053511111,0.028921667,0.047876111,5,2,131,52.4,445,441,448,354,491,391.5,484.9,33,33,33,27,66,28,45,28,28,29,22,60,24,39.9,32,32,32,26,64,28,43.9,0.309711111,0.306444444,0.315622222,0.000155556,0.4018,0.263316667,0.37261,0.037333333,0.0364,0.038266667,0.020688889,0.056777778,0.027144444,0.051597778,0.007,0.006533333,0.007155556,0.002955556,0.010733333,0.004075556,0.009955556,0.566222222,0.558133333,0.571822222,0.000155556,0.663133333,0.50127,0.638874444,0.070466667,0.068755556,0.072644444,0.041377778,0.107488889,0.05152,0.090362222,0.013066667,0.012755556,0.013533333,0.006222222,0.019133333,0.009022222,0.018324444
66,2,0.233333333,2.2,1214,1211,1218,0,1310,1112.8,1261.775,1.6485,1.637455556,1.6562,0,1.835866667,1.462545,1.768448889,0.200666667,0.198022222,0.203622222,0,0.244066667,0.160198889,0.231602778,0.038577778,0.037877778,0.039511111,0,0.053355556,0.028556111,0.047253889,6,2.4,134,53.6,460,456,463,393,520,418.075,507,31,30,31,25,51,26,41,27,27,28,20,47,23,35,31,31,32,24,51,27,40,0.317955556,0.312666667,0.322544444,0.2436,0.428088889,0.262433889,0.381675,0.037877778,0.036944444,0.039511111,0.025977778,0.059422222,0.028824444,0.053095,0.007155556,0.006844444,0.007311111,0.003733333,0.012288889,0.004666667,0.010721667,0.5754,0.570811111,0.580844444,0.460911111,0.702488889,0.509047778,0.649413333,0.0693,0.067744444,0.070777778,0.047911111,0.099711111,0.055066667,0.09142,0.013533333,0.013066667,0.013844444,0.007,0.020533333,0.009189444,0.017888889
67,2,0.466666667,0.7,1027.5,1015,1040,0,1174,1,1135.425,2.781488889,2.748044444,2.8336,0,3.472311111,0,3.109781111,0.336933333,0.331644444,0.345333333,0,0.457644444,0,0.397802222,0.064711111,0.063311111,0.065955556,0,0.088044444,0,0.0812,41,16.4,4,1.6,240,233,244,129,318,179.2,287,64,63,66,5,132,48.25,97.25,51,49,52,36,122,40,81.4,59,57,60,43,136,47.2,94,0.5292,0.521422222,0.536355556,0.000311111,0.706533333,0.000311111,0.643377778,0.065333333,0.0644,0.066577778,0.000311111,0.089288889,0.014466667,0.084824444,0.012444444,0.011822222,0.012755556,0.000311111,0.020844444,0.007295556,0.018907778,1.029155556,1.021066667,1.035688889,0.000311111,1.244755556,0.000311111,1.177866667,0.127244444,0.126,0.129733333,0.000311111,0.169244444,0.032324444,0.153471111,0.024266667,0.023644444,0.024888889,0.000311111,0.038266667,0.016558889,0.032596667
68,2,0.466666667,1,1123.5,1116,1128.5,0,1241,1,1208,3.042822222,3.011555556,3.063822222,0,3.419111111,0,3.372071111,0.373022222,0.367888889,0.376911111,0,0.464488889,0,0.440587778,0.0714,0.070311111,0.073111111,0,0.093022222,0,0.0868,30,12,44,17.6,330.5,325,336.5,223,389,265.375,375.525,49,48,50,37,116,40.475,74.525,40,39,41,30,106,33,64.525,46,45,47,36,115,38,71.575,0.566688889,0.5558,0.575555556,0.000311111,0.752577778,0.000311111,0.664533333,0.070311111,0.068755556,0.072644444,0.000311111,0.106088889,0.050252222,0.089747778,0.013377778,0.013066667,0.013688889,0.000311111,0.021466667,0.008244444,0.0196,1.070066667,1.063222222,1.0822,0.000311111,1.288,0.000311111,1.208433333,0.132066667,0.129733333,0.135022222,0.000311111,0.183866667,0.101188889,0.165954444,0.0252,0.024577778,0.025822222,0.000311111,0.0364,0.018977778,0.033444444
69,2,0.466666667,1.3,1172,1167.5,1180,0,1257,1,1240.1,3.160577778,3.136311111,3.1808,0,3.533288889,0.000311111,3.446372222,0.387955556,0.3822,0.391377778,0,0.481911111,0,0.444538889,0.074355556,0.073422222,0.0756,0,0.096133333,0,0.091085556,16,6.4,85,34,385,381,389,311,441,342.3,421.35,42,41,43,33,73,36,54,34,33,34.5,27,68,29,48.35,39,38,39,32,74,34,54,0.577266667,0.565288889,0.585044444,0.000311111,0.784,0.000311111,0.69958,0.070311111,0.068755556,0.071555556,0.000311111,0.109511111,0.050617778,0.09548,0.013377778,0.012755556,0.013688889,0.006844444,0.024888889,0.008913333,0.020222222,1.096822222,1.087022222,1.106311111,0.000311111,1.265911111,0.000311111,1.229487778,0.133777778,0.130977778,0.136577778,0.000311111,0.189466667,0.107286667,0.169166667,0.025822222,0.0252,0.026444444,0.01493333,0.038266667,0.018044444,0.035264444
70,2,0.466666667,1.6,1187,1182,1190.5,1,1291,1,1252.55,3.217355556,3.199777778,3.237733333,0,3.701288889,0,3.489157778,0.3934,0.387644444,0.397911111,0,0.474755556,0,0.46466,0.0756,0.073888889,0.076377778,0,0.102666667,0,0.093434444,19,7.6,97,38.8,420,417,424,346,498,366.5,463.75,37,36,37,29,62,31,47,31,30,32,24,53,26,42,35,34,35,29,59,31,46.25,0.605888889,0.597644444,0.616311111,0.000311111,0.774977778,0.000311111,0.715166667,0.073888889,0.071866667,0.076533333,0.000311111,0.105466667,0.052523333,0.099353333,0.014,0.013688889,0.014622222,0.006844444,0.024266667,0.0084,0.0203,1.110511111,1.094177778,1.115488889,0.000311111,1.358,0.000311111,1.255278889,0.139066667,0.137511111,0.1428,0.000311111,0.194444444,0.103148889,0.181906667,0.026755556,0.025822222,0.027377778,0.01555556,0.038266667,0.019211111,0.035466667
71,2,0.466666667,1.9,1206.5,1199,1212,0,1294,1,1265.1,3.268066667,3.244733333,3.291711111,0,3.558488889,7.00E-05,3.512086667,0.401333333,0.396044444,0.406,0,0.498088889,0,0.459122222,0.078711111,0.077466667,0.080577778,0,0.099244444,0,0.093022222,10,4,126,50.4,443,438,446,374,518,397,483.025,34,34,35,27,65,28,45.025,28,27,28,22,58,24,39.025,32,31,32,26,63,28,44,0.617866667,0.608533333,0.633733333,0.000311111,0.765955556,0.502444444,0.734688889,0.074666667,0.073111111,0.075911111,0.047911111,0.132533333,0.055377778,0.102378889,0.014311111,0.014,0.014933333,0.000311111,0.026133333,0.0084,0.0224,1.129955556,1.124355556,1.1452,0.000311111,1.3944,0.987186667,1.29906,0.138133333,0.135022222,0.141555556,0.097066667,0.216222222,0.107947778,0.178632222,0.026444444,0.025822222,0.027377778,0.000311111,0.039822222,0.018355556,0.037333333
72,2,0.466666667,2.2,1216,1211,1222,0,1287,1034.35,1260.775,3.290466667,3.2788,3.308977778,0,3.575288889,2.731718889,3.534035556,0.404288889,0.396977778,0.409422222,0,0.492488889,0.33558,0.470765556,0.077155556,0.075911111,0.078088889,0,0.101733333,0.059391111,0.095993333,6,2.4,139,55.6,458,455,461.5,365,529,410.075,505.925,31,31,31,24,76,26,47.925,27,27,28,22,71,23,40.925,30,29,30,25,76,26.075,45.925,0.623777778,0.610866667,0.634666667,0.4956,0.794888889,0.521974444,0.766445556,0.076377778,0.074511111,0.078711111,0.051955556,0.118844444,0.056334444,0.100488889,0.014933333,0.014622222,0.015555556,0.000311111,0.023955556,0.009364444,0.021155556,1.136955556,1.116577778,1.151111111,0.9576,1.339022222,1.004958889,1.29381,0.137511111,0.133466667,0.140777778,0.096755556,0.202533333,0.107333333,0.187864444,0.026755556,0.026133333,0.027377778,0.000311111,0.041066667,0.019382222,0.035466667